"fips","name","year","income_pc"
"00","United States","1985","14719"
"00","United States","1986","15459"
"00","United States","1987","16265"
"00","United States","1988","17426"
"00","United States","1989","18653"
"00","United States","1990","19591"
"00","United States","1991","19985"
"00","United States","1992","21060"
"00","United States","1993","21698"
"00","United States","1994","22538"
"00","United States","1995","23568"
"00","United States","1996","24728"
"00","United States","1997","25950"
"00","United States","1998","27510"
"00","United States","1999","28627"
"00","United States","2000","30602"
"00","United States","2001","31540"
"00","United States","2002","31815"
"00","United States","2003","32692"
"00","United States","2004","34316"
"00","United States","2005","35904"
"00","United States","2006","38144"
"00","United States","2007","39821"
"00","United States","2008","41082"
"00","United States","2009","39376"
"00","United States","2010","40277"
"00","United States","2011","42453"
"00","United States","2012","44266"
"00","United States","2013","44438"
"00","United States","2014","46049"
"01","Alabama","1985","11565"
"01","Alabama","1986","12183"
"01","Alabama","1987","12823"
"01","Alabama","1988","13765"
"01","Alabama","1989","14965"
"01","Alabama","1990","15820"
"01","Alabama","1991","16506"
"01","Alabama","1992","17537"
"01","Alabama","1993","18082"
"01","Alabama","1994","18938"
"01","Alabama","1995","19866"
"01","Alabama","1996","20569"
"01","Alabama","1997","21480"
"01","Alabama","1998","22760"
"01","Alabama","1999","23516"
"01","Alabama","2000","24649"
"01","Alabama","2001","25569"
"01","Alabama","2002","26093"
"01","Alabama","2003","27045"
"01","Alabama","2004","28802"
"01","Alabama","2005","30202"
"01","Alabama","2006","31683"
"01","Alabama","2007","32911"
"01","Alabama","2008","33910"
"01","Alabama","2009","33027"
"01","Alabama","2010","34073"
"01","Alabama","2011","35202"
"01","Alabama","2012","36036"
"01","Alabama","2013","36176"
"01","Alabama","2014","37512"
"02","Alaska","1985","20230"
"02","Alaska","1986","19969"
"02","Alaska","1987","19340"
"02","Alaska","1988","20066"
"02","Alaska","1989","21820"
"02","Alaska","1990","22863"
"02","Alaska","1991","23149"
"02","Alaska","1992","23938"
"02","Alaska","1993","24753"
"02","Alaska","1994","25404"
"02","Alaska","1995","26041"
"02","Alaska","1996","26565"
"02","Alaska","1997","27812"
"02","Alaska","1998","28751"
"02","Alaska","1999","29442"
"02","Alaska","2000","31481"
"02","Alaska","2001","32870"
"02","Alaska","2002","33978"
"02","Alaska","2003","35268"
"02","Alaska","2004","36577"
"02","Alaska","2005","38521"
"02","Alaska","2006","40545"
"02","Alaska","2007","43388"
"02","Alaska","2008","47271"
"02","Alaska","2009","46192"
"02","Alaska","2010","47773"
"02","Alaska","2011","50552"
"02","Alaska","2012","52269"
"02","Alaska","2013","51259"
"02","Alaska","2014","54012"
"04","Arizona","1985","13838"
"04","Arizona","1986","14598"
"04","Arizona","1987","15195"
"04","Arizona","1988","15916"
"04","Arizona","1989","16699"
"04","Arizona","1990","17204"
"04","Arizona","1991","17573"
"04","Arizona","1992","18129"
"04","Arizona","1993","18800"
"04","Arizona","1994","19755"
"04","Arizona","1995","20594"
"04","Arizona","1996","21572"
"04","Arizona","1997","22680"
"04","Arizona","1998","24164"
"04","Arizona","1999","24987"
"04","Arizona","2000","26553"
"04","Arizona","2001","27220"
"04","Arizona","2002","27590"
"04","Arizona","2003","28446"
"04","Arizona","2004","30222"
"04","Arizona","2005","32429"
"04","Arizona","2006","34848"
"04","Arizona","2007","35929"
"04","Arizona","2008","36077"
"04","Arizona","2009","34063"
"04","Arizona","2010","34185"
"04","Arizona","2011","35675"
"04","Arizona","2012","36788"
"04","Arizona","2013","36723"
"04","Arizona","2014","37895"
"05","Arkansas","1985","11208"
"05","Arkansas","1986","11750"
"05","Arkansas","1987","12157"
"05","Arkansas","1988","13039"
"05","Arkansas","1989","13969"
"05","Arkansas","1990","14635"
"05","Arkansas","1991","15288"
"05","Arkansas","1992","16451"
"05","Arkansas","1993","16986"
"05","Arkansas","1994","17762"
"05","Arkansas","1995","18579"
"05","Arkansas","1996","19444"
"05","Arkansas","1997","20149"
"05","Arkansas","1998","21190"
"05","Arkansas","1999","21856"
"05","Arkansas","2000","22803"
"05","Arkansas","2001","23873"
"05","Arkansas","2002","24237"
"05","Arkansas","2003","25462"
"05","Arkansas","2004","26855"
"05","Arkansas","2005","27915"
"05","Arkansas","2006","29479"
"05","Arkansas","2007","31180"
"05","Arkansas","2008","32434"
"05","Arkansas","2009","31629"
"05","Arkansas","2010","31991"
"05","Arkansas","2011","33961"
"05","Arkansas","2012","36291"
"05","Arkansas","2013","36529"
"05","Arkansas","2014","37782"
"06","California","1985","16767"
"06","California","1986","17573"
"06","California","1987","18491"
"06","California","1988","19606"
"06","California","1989","20576"
"06","California","1990","21494"
"06","California","1991","21824"
"06","California","1992","22644"
"06","California","1993","22964"
"06","California","1994","23535"
"06","California","1995","24595"
"06","California","1996","25885"
"06","California","1997","27147"
"06","California","1998","29133"
"06","California","1999","30663"
"06","California","2000","33391"
"06","California","2001","34091"
"06","California","2002","34306"
"06","California","2003","35381"
"06","California","2004","37244"
"06","California","2005","39046"
"06","California","2006","41693"
"06","California","2007","43182"
"06","California","2008","43786"
"06","California","2009","41588"
"06","California","2010","42411"
"06","California","2011","44852"
"06","California","2012","47614"
"06","California","2013","48125"
"06","California","2014","49985"
"08","Colorado","1985","15446"
"08","Colorado","1986","15912"
"08","Colorado","1987","16397"
"08","Colorado","1988","17342"
"08","Colorado","1989","18685"
"08","Colorado","1990","19611"
"08","Colorado","1991","20286"
"08","Colorado","1992","21377"
"08","Colorado","1993","22402"
"08","Colorado","1994","23420"
"08","Colorado","1995","24778"
"08","Colorado","1996","26090"
"08","Colorado","1997","27388"
"08","Colorado","1998","29734"
"08","Colorado","1999","31391"
"08","Colorado","2000","34234"
"08","Colorado","2001","35247"
"08","Colorado","2002","35002"
"08","Colorado","2003","35412"
"08","Colorado","2004","36676"
"08","Colorado","2005","38665"
"08","Colorado","2006","40709"
"08","Colorado","2007","42265"
"08","Colorado","2008","43631"
"08","Colorado","2009","41508"
"08","Colorado","2010","41877"
"08","Colorado","2011","44349"
"08","Colorado","2012","46402"
"08","Colorado","2013","46746"
"08","Colorado","2014","48869"
"09","Connecticut","1985","18728"
"09","Connecticut","1986","20027"
"09","Connecticut","1987","21740"
"09","Connecticut","1988","23794"
"09","Connecticut","1989","25743"
"09","Connecticut","1990","26418"
"09","Connecticut","1991","26522"
"09","Connecticut","1992","28558"
"09","Connecticut","1993","29468"
"09","Connecticut","1994","30176"
"09","Connecticut","1995","31722"
"09","Connecticut","1996","33143"
"09","Connecticut","1997","35214"
"09","Connecticut","1998","37555"
"09","Connecticut","1999","39160"
"09","Connecticut","2000","42209"
"09","Connecticut","2001","43696"
"09","Connecticut","2002","43405"
"09","Connecticut","2003","44187"
"09","Connecticut","2004","47105"
"09","Connecticut","2005","49481"
"09","Connecticut","2006","53363"
"09","Connecticut","2007","56723"
"09","Connecticut","2008","57776"
"09","Connecticut","2009","55505"
"09","Connecticut","2010","57347"
"09","Connecticut","2011","59884"
"09","Connecticut","2012","62738"
"09","Connecticut","2013","62112"
"09","Connecticut","2014","64864"
"10","Delaware","1985","15860"
"10","Delaware","1986","16622"
"10","Delaware","1987","17693"
"10","Delaware","1988","19021"
"10","Delaware","1989","20838"
"10","Delaware","1990","21511"
"10","Delaware","1991","22308"
"10","Delaware","1992","22920"
"10","Delaware","1993","23426"
"10","Delaware","1994","23973"
"10","Delaware","1995","24972"
"10","Delaware","1996","26310"
"10","Delaware","1997","27097"
"10","Delaware","1998","28948"
"10","Delaware","1999","30012"
"10","Delaware","2000","32109"
"10","Delaware","2001","33994"
"10","Delaware","2002","34875"
"10","Delaware","2003","35438"
"10","Delaware","2004","37263"
"10","Delaware","2005","38571"
"10","Delaware","2006","40735"
"10","Delaware","2007","41372"
"10","Delaware","2008","42319"
"10","Delaware","2009","41633"
"10","Delaware","2010","41783"
"10","Delaware","2011","43555"
"10","Delaware","2012","44747"
"10","Delaware","2013","44819"
"10","Delaware","2014","46378"
"11","District of Columbia","1985","18199"
"11","District of Columbia","1986","19010"
"11","District of Columbia","1987","20067"
"11","District of Columbia","1988","22274"
"11","District of Columbia","1989","23985"
"11","District of Columbia","1990","25731"
"11","District of Columbia","1991","27081"
"11","District of Columbia","1992","28764"
"11","District of Columbia","1993","30086"
"11","District of Columbia","1994","31091"
"11","District of Columbia","1995","31755"
"11","District of Columbia","1996","33536"
"11","District of Columbia","1997","35596"
"11","District of Columbia","1998","37988"
"11","District of Columbia","1999","39412"
"11","District of Columbia","2000","43223"
"11","District of Columbia","2001","45093"
"11","District of Columbia","2002","46121"
"11","District of Columbia","2003","47830"
"11","District of Columbia","2004","50945"
"11","District of Columbia","2005","53902"
"11","District of Columbia","2006","57730"
"11","District of Columbia","2007","61107"
"11","District of Columbia","2008","66220"
"11","District of Columbia","2009","62823"
"11","District of Columbia","2010","63741"
"11","District of Columbia","2011","67359"
"11","District of Columbia","2012","68973"
"11","District of Columbia","2013","68606"
"11","District of Columbia","2014","69838"
"12","Florida","1985","15007"
"12","Florida","1986","15790"
"12","Florida","1987","16620"
"12","Florida","1988","17772"
"12","Florida","1989","19319"
"12","Florida","1990","19956"
"12","Florida","1991","20217"
"12","Florida","1992","20986"
"12","Florida","1993","21847"
"12","Florida","1994","22504"
"12","Florida","1995","23686"
"12","Florida","1996","24667"
"12","Florida","1997","25551"
"12","Florida","1998","27048"
"12","Florida","1999","27900"
"12","Florida","2000","29597"
"12","Florida","2001","30574"
"12","Florida","2002","31032"
"12","Florida","2003","31927"
"12","Florida","2004","34042"
"12","Florida","2005","36294"
"12","Florida","2006","38812"
"12","Florida","2007","39945"
"12","Florida","2008","40018"
"12","Florida","2009","37479"
"12","Florida","2010","38718"
"12","Florida","2011","40538"
"12","Florida","2012","41249"
"12","Florida","2013","41309"
"12","Florida","2014","42737"
"13","Georgia","1985","13147"
"13","Georgia","1986","14058"
"13","Georgia","1987","14827"
"13","Georgia","1988","15886"
"13","Georgia","1989","16872"
"13","Georgia","1990","17741"
"13","Georgia","1991","18205"
"13","Georgia","1992","19262"
"13","Georgia","1993","19986"
"13","Georgia","1994","21001"
"13","Georgia","1995","22136"
"13","Georgia","1996","23368"
"13","Georgia","1997","24289"
"13","Georgia","1998","26033"
"13","Georgia","1999","27119"
"13","Georgia","2000","28693"
"13","Georgia","2001","29594"
"13","Georgia","2002","29868"
"13","Georgia","2003","30473"
"13","Georgia","2004","31527"
"13","Georgia","2005","32997"
"13","Georgia","2006","34420"
"13","Georgia","2007","35606"
"13","Georgia","2008","35895"
"13","Georgia","2009","34396"
"13","Georgia","2010","34487"
"13","Georgia","2011","36588"
"13","Georgia","2012","37254"
"13","Georgia","2013","37596"
"13","Georgia","2014","38980"
"15","Hawaii","1985","15825"
"15","Hawaii","1986","16608"
"15","Hawaii","1987","17439"
"15","Hawaii","1988","18949"
"15","Hawaii","1989","20890"
"15","Hawaii","1990","22390"
"15","Hawaii","1991","23194"
"15","Hawaii","1992","24533"
"15","Hawaii","1993","25129"
"15","Hawaii","1994","25365"
"15","Hawaii","1995","25715"
"15","Hawaii","1996","25575"
"15","Hawaii","1997","26239"
"15","Hawaii","1998","26560"
"15","Hawaii","1999","27475"
"15","Hawaii","2000","28931"
"15","Hawaii","2001","29648"
"15","Hawaii","2002","30693"
"15","Hawaii","2003","31850"
"15","Hawaii","2004","33830"
"15","Hawaii","2005","35669"
"15","Hawaii","2006","37883"
"15","Hawaii","2007","40024"
"15","Hawaii","2008","41643"
"15","Hawaii","2009","41093"
"15","Hawaii","2010","41594"
"15","Hawaii","2011","42938"
"15","Hawaii","2012","44504"
"15","Hawaii","2013","44314"
"15","Hawaii","2014","46034"
"16","Idaho","1985","11704"
"16","Idaho","1986","12020"
"16","Idaho","1987","12681"
"16","Idaho","1988","13722"
"16","Idaho","1989","15008"
"16","Idaho","1990","15962"
"16","Idaho","1991","16311"
"16","Idaho","1992","17429"
"16","Idaho","1993","18477"
"16","Idaho","1994","19141"
"16","Idaho","1995","20008"
"16","Idaho","1996","20827"
"16","Idaho","1997","21300"
"16","Idaho","1998","22684"
"16","Idaho","1999","23726"
"16","Idaho","2000","25258"
"16","Idaho","2001","26075"
"16","Idaho","2002","26425"
"16","Idaho","2003","27031"
"16","Idaho","2004","28813"
"16","Idaho","2005","29815"
"16","Idaho","2006","31945"
"16","Idaho","2007","32952"
"16","Idaho","2008","32854"
"16","Idaho","2009","31392"
"16","Idaho","2010","32050"
"16","Idaho","2011","33544"
"16","Idaho","2012","34846"
"16","Idaho","2013","35641"
"16","Idaho","2014","36734"
"17","Illinois","1985","15578"
"17","Illinois","1986","16408"
"17","Illinois","1987","17353"
"17","Illinois","1988","18699"
"17","Illinois","1989","19876"
"17","Illinois","1990","21020"
"17","Illinois","1991","21262"
"17","Illinois","1992","22792"
"17","Illinois","1993","23351"
"17","Illinois","1994","24385"
"17","Illinois","1995","25684"
"17","Illinois","1996","27109"
"17","Illinois","1997","28423"
"17","Illinois","1998","29880"
"17","Illinois","1999","30860"
"17","Illinois","2000","32946"
"17","Illinois","2001","33755"
"17","Illinois","2002","34071"
"17","Illinois","2003","34627"
"17","Illinois","2004","36126"
"17","Illinois","2005","37692"
"17","Illinois","2006","40219"
"17","Illinois","2007","42360"
"17","Illinois","2008","43620"
"17","Illinois","2009","41529"
"17","Illinois","2010","42154"
"17","Illinois","2011","44303"
"17","Illinois","2012","46067"
"17","Illinois","2013","46477"
"17","Illinois","2014","47643"
"18","Indiana","1985","13065"
"18","Indiana","1986","13792"
"18","Indiana","1987","14591"
"18","Indiana","1988","15558"
"18","Indiana","1989","16859"
"18","Indiana","1990","17685"
"18","Indiana","1991","18005"
"18","Indiana","1992","19311"
"18","Indiana","1993","20137"
"18","Indiana","1994","21201"
"18","Indiana","1995","21940"
"18","Indiana","1996","22972"
"18","Indiana","1997","23968"
"18","Indiana","1998","25688"
"18","Indiana","1999","26555"
"18","Indiana","2000","28122"
"18","Indiana","2001","28652"
"18","Indiana","2002","28850"
"18","Indiana","2003","29433"
"18","Indiana","2004","30693"
"18","Indiana","2005","31272"
"18","Indiana","2006","32884"
"18","Indiana","2007","33868"
"18","Indiana","2008","35047"
"18","Indiana","2009","33588"
"18","Indiana","2010","34390"
"18","Indiana","2011","36357"
"18","Indiana","2012","37987"
"18","Indiana","2013","38291"
"18","Indiana","2014","39578"
"19","Iowa","1985","13541"
"19","Iowa","1986","14189"
"19","Iowa","1987","14986"
"19","Iowa","1988","15443"
"19","Iowa","1989","16795"
"19","Iowa","1990","17644"
"19","Iowa","1991","17945"
"19","Iowa","1992","19130"
"19","Iowa","1993","19083"
"19","Iowa","1994","20698"
"19","Iowa","1995","21440"
"19","Iowa","1996","23266"
"19","Iowa","1997","24253"
"19","Iowa","1998","25324"
"19","Iowa","1999","25868"
"19","Iowa","2000","27561"
"19","Iowa","2001","28367"
"19","Iowa","2002","29099"
"19","Iowa","2003","29698"
"19","Iowa","2004","32148"
"19","Iowa","2005","32869"
"19","Iowa","2006","34575"
"19","Iowa","2007","36815"
"19","Iowa","2008","39339"
"19","Iowa","2009","38123"
"19","Iowa","2010","38687"
"19","Iowa","2011","42058"
"19","Iowa","2012","43458"
"19","Iowa","2013","43735"
"19","Iowa","2014","44937"
"20","Kansas","1985","14538"
"20","Kansas","1986","15205"
"20","Kansas","1987","15813"
"20","Kansas","1988","16524"
"20","Kansas","1989","17385"
"20","Kansas","1990","18406"
"20","Kansas","1991","18934"
"20","Kansas","1992","20147"
"20","Kansas","1993","20881"
"20","Kansas","1994","21632"
"20","Kansas","1995","22358"
"20","Kansas","1996","23703"
"20","Kansas","1997","24986"
"20","Kansas","1998","26413"
"20","Kansas","1999","27244"
"20","Kansas","2000","28744"
"20","Kansas","2001","29789"
"20","Kansas","2002","29861"
"20","Kansas","2003","30772"
"20","Kansas","2004","31999"
"20","Kansas","2005","33483"
"20","Kansas","2006","35987"
"20","Kansas","2007","38122"
"20","Kansas","2008","40936"
"20","Kansas","2009","38889"
"20","Kansas","2010","39235"
"20","Kansas","2011","42403"
"20","Kansas","2012","43725"
"20","Kansas","2013","44311"
"20","Kansas","2014","44891"
"21","Kentucky","1985","11553"
"21","Kentucky","1986","11905"
"21","Kentucky","1987","12579"
"21","Kentucky","1988","13693"
"21","Kentucky","1989","14726"
"21","Kentucky","1990","15561"
"21","Kentucky","1991","16292"
"21","Kentucky","1992","17361"
"21","Kentucky","1993","17813"
"21","Kentucky","1994","18544"
"21","Kentucky","1995","19241"
"21","Kentucky","1996","20254"
"21","Kentucky","1997","21325"
"21","Kentucky","1998","22443"
"21","Kentucky","1999","23253"
"21","Kentucky","2000","24954"
"21","Kentucky","2001","25733"
"21","Kentucky","2002","26180"
"21","Kentucky","2003","26697"
"21","Kentucky","2004","28046"
"21","Kentucky","2005","29171"
"21","Kentucky","2006","30596"
"21","Kentucky","2007","31682"
"21","Kentucky","2008","32953"
"21","Kentucky","2009","32251"
"21","Kentucky","2010","32977"
"21","Kentucky","2011","34578"
"21","Kentucky","2012","35814"
"21","Kentucky","2013","35967"
"21","Kentucky","2014","37396"
"22","Louisiana","1985","12023"
"22","Louisiana","1986","12032"
"22","Louisiana","1987","12250"
"22","Louisiana","1988","13095"
"22","Louisiana","1989","14030"
"22","Louisiana","1990","15224"
"22","Louisiana","1991","15922"
"22","Louisiana","1992","16909"
"22","Louisiana","1993","17655"
"22","Louisiana","1994","18682"
"22","Louisiana","1995","19459"
"22","Louisiana","1996","20222"
"22","Louisiana","1997","21173"
"22","Louisiana","1998","22048"
"22","Louisiana","1999","22407"
"22","Louisiana","2000","23570"
"22","Louisiana","2001","25121"
"22","Louisiana","2002","25646"
"22","Louisiana","2003","26268"
"22","Louisiana","2004","27472"
"22","Louisiana","2005","29308"
"22","Louisiana","2006","33247"
"22","Louisiana","2007","35857"
"22","Louisiana","2008","37858"
"22","Louisiana","2009","36348"
"22","Louisiana","2010","37227"
"22","Louisiana","2011","38506"
"22","Louisiana","2012","40527"
"22","Louisiana","2013","40819"
"22","Louisiana","2014","42030"
"23","Maine","1985","12648"
"23","Maine","1986","13649"
"23","Maine","1987","14675"
"23","Maine","1988","15889"
"23","Maine","1989","17064"
"23","Maine","1990","17581"
"23","Maine","1991","17780"
"23","Maine","1992","18589"
"23","Maine","1993","19132"
"23","Maine","1994","19927"
"23","Maine","1995","20812"
"23","Maine","1996","21903"
"23","Maine","1997","22999"
"23","Maine","1998","24455"
"23","Maine","1999","25488"
"23","Maine","2000","27109"
"23","Maine","2001","28279"
"23","Maine","2002","29057"
"23","Maine","2003","30301"
"23","Maine","2004","31762"
"23","Maine","2005","32307"
"23","Maine","2006","34019"
"23","Maine","2007","35350"
"23","Maine","2008","36695"
"23","Maine","2009","36586"
"23","Maine","2010","37102"
"23","Maine","2011","38597"
"23","Maine","2012","39589"
"23","Maine","2013","39562"
"23","Maine","2014","40745"
"24","Maryland","1985","17139"
"24","Maryland","1986","18204"
"24","Maryland","1987","19299"
"24","Maryland","1988","20775"
"24","Maryland","1989","22103"
"24","Maryland","1990","23068"
"24","Maryland","1991","23574"
"24","Maryland","1992","24488"
"24","Maryland","1993","25235"
"24","Maryland","1994","26124"
"24","Maryland","1995","26999"
"24","Maryland","1996","28027"
"24","Maryland","1997","29335"
"24","Maryland","1998","31291"
"24","Maryland","1999","32902"
"24","Maryland","2000","35345"
"24","Maryland","2001","36819"
"24","Maryland","2002","37723"
"24","Maryland","2003","39004"
"24","Maryland","2004","41432"
"24","Maryland","2005","43301"
"24","Maryland","2006","45904"
"24","Maryland","2007","47708"
"24","Maryland","2008","49307"
"24","Maryland","2009","48739"
"24","Maryland","2010","49683"
"24","Maryland","2011","51800"
"24","Maryland","2012","53078"
"24","Maryland","2013","52545"
"24","Maryland","2014","54176"
"25","Massachusetts","1985","16938"
"25","Massachusetts","1986","18197"
"25","Massachusetts","1987","19608"
"25","Massachusetts","1988","21403"
"25","Massachusetts","1989","22437"
"25","Massachusetts","1990","23080"
"25","Massachusetts","1991","23468"
"25","Massachusetts","1992","24639"
"25","Massachusetts","1993","25487"
"25","Massachusetts","1994","26603"
"25","Massachusetts","1995","27933"
"25","Massachusetts","1996","29523"
"25","Massachusetts","1997","31152"
"25","Massachusetts","1998","32875"
"25","Massachusetts","1999","34783"
"25","Massachusetts","2000","38438"
"25","Massachusetts","2001","39774"
"25","Massachusetts","2002","39742"
"25","Massachusetts","2003","40744"
"25","Massachusetts","2004","42674"
"25","Massachusetts","2005","44596"
"25","Massachusetts","2006","47940"
"25","Massachusetts","2007","50103"
"25","Massachusetts","2008","51742"
"25","Massachusetts","2009","50296"
"25","Massachusetts","2010","51643"
"25","Massachusetts","2011","54327"
"25","Massachusetts","2012","56752"
"25","Massachusetts","2013","56549"
"25","Massachusetts","2014","58737"
"26","Michigan","1985","14599"
"26","Michigan","1986","15455"
"26","Michigan","1987","15968"
"26","Michigan","1988","16982"
"26","Michigan","1989","18223"
"26","Michigan","1990","18949"
"26","Michigan","1991","19165"
"26","Michigan","1992","20167"
"26","Michigan","1993","21106"
"26","Michigan","1994","22559"
"26","Michigan","1995","23664"
"26","Michigan","1996","24696"
"26","Michigan","1997","25874"
"26","Michigan","1998","27239"
"26","Michigan","1999","28408"
"26","Michigan","2000","30023"
"26","Michigan","2001","30245"
"26","Michigan","2002","30333"
"26","Michigan","2003","31060"
"26","Michigan","2004","32097"
"26","Michigan","2005","32914"
"26","Michigan","2006","33845"
"26","Michigan","2007","34855"
"26","Michigan","2008","35828"
"26","Michigan","2009","34159"
"26","Michigan","2010","35199"
"26","Michigan","2011","37343"
"26","Michigan","2012","38652"
"26","Michigan","2013","39197"
"26","Michigan","2014","40740"
"27","Minnesota","1985","14984"
"27","Minnesota","1986","15789"
"27","Minnesota","1987","16724"
"27","Minnesota","1988","17371"
"27","Minnesota","1989","18824"
"27","Minnesota","1990","19795"
"27","Minnesota","1991","20165"
"27","Minnesota","1992","21426"
"27","Minnesota","1993","21777"
"27","Minnesota","1994","23084"
"27","Minnesota","1995","24169"
"27","Minnesota","1996","25778"
"27","Minnesota","1997","26938"
"27","Minnesota","1998","29037"
"27","Minnesota","1999","30190"
"27","Minnesota","2000","32332"
"27","Minnesota","2001","33326"
"27","Minnesota","2002","33899"
"27","Minnesota","2003","35256"
"27","Minnesota","2004","36924"
"27","Minnesota","2005","37787"
"27","Minnesota","2006","39634"
"27","Minnesota","2007","41560"
"27","Minnesota","2008","43256"
"27","Minnesota","2009","41064"
"27","Minnesota","2010","42567"
"27","Minnesota","2011","45214"
"27","Minnesota","2012","47293"
"27","Minnesota","2013","47410"
"27","Minnesota","2014","48998"
"28","Mississippi","1985","9940"
"28","Mississippi","1986","10286"
"28","Mississippi","1987","10895"
"28","Mississippi","1988","11689"
"28","Mississippi","1989","12684"
"28","Mississippi","1990","13288"
"28","Mississippi","1991","13881"
"28","Mississippi","1992","14827"
"28","Mississippi","1993","15609"
"28","Mississippi","1994","16678"
"28","Mississippi","1995","17403"
"28","Mississippi","1996","18300"
"28","Mississippi","1997","19129"
"28","Mississippi","1998","20073"
"28","Mississippi","1999","20594"
"28","Mississippi","2000","21582"
"28","Mississippi","2001","22806"
"28","Mississippi","2002","23173"
"28","Mississippi","2003","23981"
"28","Mississippi","2004","25257"
"28","Mississippi","2005","26794"
"28","Mississippi","2006","28050"
"28","Mississippi","2007","29543"
"28","Mississippi","2008","30703"
"28","Mississippi","2009","30188"
"28","Mississippi","2010","30783"
"28","Mississippi","2011","31976"
"28","Mississippi","2012","33127"
"28","Mississippi","2013","33629"
"28","Mississippi","2014","34431"
"29","Missouri","1985","13926"
"29","Missouri","1986","14608"
"29","Missouri","1987","15290"
"29","Missouri","1988","16137"
"29","Missouri","1989","17230"
"29","Missouri","1990","17894"
"29","Missouri","1991","18560"
"29","Missouri","1992","19629"
"29","Missouri","1993","20326"
"29","Missouri","1994","21317"
"29","Missouri","1995","22183"
"29","Missouri","1996","23271"
"29","Missouri","1997","24496"
"29","Missouri","1998","25536"
"29","Missouri","1999","26402"
"29","Missouri","2000","28015"
"29","Missouri","2001","28794"
"29","Missouri","2002","29245"
"29","Missouri","2003","30261"
"29","Missouri","2004","31636"
"29","Missouri","2005","32603"
"29","Missouri","2006","34408"
"29","Missouri","2007","35842"
"29","Missouri","2008","37441"
"29","Missouri","2009","36306"
"29","Missouri","2010","36638"
"29","Missouri","2011","38042"
"29","Missouri","2012","39905"
"29","Missouri","2013","40297"
"29","Missouri","2014","41639"
"30","Montana","1985","11871"
"30","Montana","1986","12477"
"30","Montana","1987","12960"
"30","Montana","1988","13390"
"30","Montana","1989","14776"
"30","Montana","1990","15533"
"30","Montana","1991","16372"
"30","Montana","1992","17082"
"30","Montana","1993","18061"
"30","Montana","1994","18195"
"30","Montana","1995","18862"
"30","Montana","1996","19530"
"30","Montana","1997","20278"
"30","Montana","1998","21713"
"30","Montana","1999","22243"
"30","Montana","2000","23594"
"30","Montana","2001","24751"
"30","Montana","2002","25296"
"30","Montana","2003","26663"
"30","Montana","2004","28180"
"30","Montana","2005","29561"
"30","Montana","2006","31484"
"30","Montana","2007","33374"
"30","Montana","2008","34912"
"30","Montana","2009","33627"
"30","Montana","2010","34737"
"30","Montana","2011","36959"
"30","Montana","2012","39102"
"30","Montana","2013","38884"
"30","Montana","2014","39903"
"31","Nebraska","1985","14114"
"31","Nebraska","1986","14629"
"31","Nebraska","1987","15368"
"31","Nebraska","1988","16364"
"31","Nebraska","1989","17315"
"31","Nebraska","1990","18471"
"31","Nebraska","1991","19003"
"31","Nebraska","1992","20013"
"31","Nebraska","1993","20491"
"31","Nebraska","1994","21598"
"31","Nebraska","1995","22583"
"31","Nebraska","1996","24348"
"31","Nebraska","1997","24868"
"31","Nebraska","1998","26437"
"31","Nebraska","1999","27527"
"31","Nebraska","2000","28978"
"31","Nebraska","2001","30178"
"31","Nebraska","2002","30696"
"31","Nebraska","2003","32611"
"31","Nebraska","2004","33768"
"31","Nebraska","2005","34772"
"31","Nebraska","2006","35982"
"31","Nebraska","2007","38484"
"31","Nebraska","2008","40626"
"31","Nebraska","2009","39226"
"31","Nebraska","2010","40023"
"31","Nebraska","2011","43820"
"31","Nebraska","2012","45578"
"31","Nebraska","2013","46254"
"31","Nebraska","2014","47557"
"32","Nevada","1985","15467"
"32","Nevada","1986","16227"
"32","Nevada","1987","17006"
"32","Nevada","1988","18405"
"32","Nevada","1989","19587"
"32","Nevada","1990","20476"
"32","Nevada","1991","21206"
"32","Nevada","1992","22572"
"32","Nevada","1993","23357"
"32","Nevada","1994","24357"
"32","Nevada","1995","25346"
"32","Nevada","1996","26611"
"32","Nevada","1997","27500"
"32","Nevada","1998","28589"
"32","Nevada","1999","29726"
"32","Nevada","2000","31230"
"32","Nevada","2001","31789"
"32","Nevada","2002","31882"
"32","Nevada","2003","33347"
"32","Nevada","2004","35744"
"32","Nevada","2005","38683"
"32","Nevada","2006","39915"
"32","Nevada","2007","40939"
"32","Nevada","2008","40243"
"32","Nevada","2009","36931"
"32","Nevada","2010","36918"
"32","Nevada","2011","37745"
"32","Nevada","2012","39436"
"32","Nevada","2013","39223"
"32","Nevada","2014","40742"
"33","New Hampshire","1985","15944"
"33","New Hampshire","1986","17159"
"33","New Hampshire","1987","18462"
"33","New Hampshire","1988","19785"
"33","New Hampshire","1989","20756"
"33","New Hampshire","1990","20699"
"33","New Hampshire","1991","21433"
"33","New Hampshire","1992","22320"
"33","New Hampshire","1993","22832"
"33","New Hampshire","1994","24133"
"33","New Hampshire","1995","25312"
"33","New Hampshire","1996","26417"
"33","New Hampshire","1997","28027"
"33","New Hampshire","1998","29996"
"33","New Hampshire","1999","31215"
"33","New Hampshire","2000","34293"
"33","New Hampshire","2001","35147"
"33","New Hampshire","2002","35515"
"33","New Hampshire","2003","36199"
"33","New Hampshire","2004","38390"
"33","New Hampshire","2005","39609"
"33","New Hampshire","2006","42112"
"33","New Hampshire","2007","43638"
"33","New Hampshire","2008","44876"
"33","New Hampshire","2009","43936"
"33","New Hampshire","2010","45308"
"33","New Hampshire","2011","48005"
"33","New Hampshire","2012","50546"
"33","New Hampshire","2013","50535"
"33","New Hampshire","2014","52773"
"34","New Jersey","1985","17830"
"34","New Jersey","1986","18939"
"34","New Jersey","1987","20308"
"34","New Jersey","1988","22184"
"34","New Jersey","1989","23777"
"34","New Jersey","1990","24798"
"34","New Jersey","1991","25081"
"34","New Jersey","1992","26742"
"34","New Jersey","1993","27328"
"34","New Jersey","1994","28071"
"34","New Jersey","1995","29609"
"34","New Jersey","1996","31074"
"34","New Jersey","1997","32830"
"34","New Jersey","1998","34644"
"34","New Jersey","1999","35921"
"34","New Jersey","2000","39165"
"34","New Jersey","2001","40227"
"34","New Jersey","2002","40964"
"34","New Jersey","2003","41861"
"34","New Jersey","2004","43686"
"34","New Jersey","2005","45341"
"34","New Jersey","2006","48444"
"34","New Jersey","2007","50685"
"34","New Jersey","2008","52256"
"34","New Jersey","2009","50300"
"34","New Jersey","2010","51202"
"34","New Jersey","2011","53556"
"34","New Jersey","2012","55142"
"34","New Jersey","2013","55194"
"34","New Jersey","2014","57620"
"35","New Mexico","1985","12191"
"35","New Mexico","1986","12481"
"35","New Mexico","1987","12886"
"35","New Mexico","1988","13495"
"35","New Mexico","1989","14327"
"35","New Mexico","1990","15137"
"35","New Mexico","1991","15865"
"35","New Mexico","1992","16627"
"35","New Mexico","1993","17430"
"35","New Mexico","1994","18111"
"35","New Mexico","1995","19035"
"35","New Mexico","1996","19637"
"35","New Mexico","1997","20356"
"35","New Mexico","1998","21295"
"35","New Mexico","1999","21768"
"35","New Mexico","2000","23438"
"35","New Mexico","2001","25264"
"35","New Mexico","2002","25777"
"35","New Mexico","2003","26250"
"35","New Mexico","2004","27435"
"35","New Mexico","2005","29005"
"35","New Mexico","2006","30497"
"35","New Mexico","2007","31832"
"35","New Mexico","2008","33374"
"35","New Mexico","2009","32293"
"35","New Mexico","2010","33019"
"35","New Mexico","2011","34556"
"35","New Mexico","2012","35585"
"35","New Mexico","2013","35254"
"35","New Mexico","2014","37091"
"36","New York","1985","16798"
"36","New York","1986","17885"
"36","New York","1987","19055"
"36","New York","1988","20845"
"36","New York","1989","22485"
"36","New York","1990","23994"
"36","New York","1991","23872"
"36","New York","1992","25068"
"36","New York","1993","25566"
"36","New York","1994","26264"
"36","New York","1995","27620"
"36","New York","1996","28953"
"36","New York","1997","30462"
"36","New York","1998","31813"
"36","New York","1999","33262"
"36","New York","2000","35328"
"36","New York","2001","36308"
"36","New York","2002","36282"
"36","New York","2003","37199"
"36","New York","2004","39342"
"36","New York","2005","41381"
"36","New York","2006","44472"
"36","New York","2007","47780"
"36","New York","2008","49032"
"36","New York","2009","47655"
"36","New York","2010","49283"
"36","New York","2011","51598"
"36","New York","2012","53571"
"36","New York","2013","53606"
"36","New York","2014","55611"
"37","North Carolina","1985","12587"
"37","North Carolina","1986","13414"
"37","North Carolina","1987","14263"
"37","North Carolina","1988","15434"
"37","North Carolina","1989","16613"
"37","North Carolina","1990","17370"
"37","North Carolina","1991","17826"
"37","North Carolina","1992","19113"
"37","North Carolina","1993","19967"
"37","North Carolina","1994","20833"
"37","North Carolina","1995","21857"
"37","North Carolina","1996","22923"
"37","North Carolina","1997","24138"
"37","North Carolina","1998","25472"
"37","North Carolina","1999","26464"
"37","North Carolina","2000","27876"
"37","North Carolina","2001","28484"
"37","North Carolina","2002","28507"
"37","North Carolina","2003","29081"
"37","North Carolina","2004","30785"
"37","North Carolina","2005","32245"
"37","North Carolina","2006","33775"
"37","North Carolina","2007","35096"
"37","North Carolina","2008","35917"
"37","North Carolina","2009","34944"
"37","North Carolina","2010","35569"
"37","North Carolina","2011","36622"
"37","North Carolina","2012","38655"
"37","North Carolina","2013","37774"
"37","North Carolina","2014","39171"
"38","North Dakota","1985","12973"
"38","North Dakota","1986","13309"
"38","North Dakota","1987","13857"
"38","North Dakota","1988","12930"
"38","North Dakota","1989","14709"
"38","North Dakota","1990","16137"
"38","North Dakota","1991","16374"
"38","North Dakota","1992","17880"
"38","North Dakota","1993","18033"
"38","North Dakota","1994","19456"
"38","North Dakota","1995","19417"
"38","North Dakota","1996","21635"
"38","North Dakota","1997","21253"
"38","North Dakota","1998","23372"
"38","North Dakota","1999","23701"
"38","North Dakota","2000","25870"
"38","North Dakota","2001","26540"
"38","North Dakota","2002","27158"
"38","North Dakota","2003","29496"
"38","North Dakota","2004","29717"
"38","North Dakota","2005","31429"
"38","North Dakota","2006","32826"
"38","North Dakota","2007","36162"
"38","North Dakota","2008","40923"
"38","North Dakota","2009","39422"
"38","North Dakota","2010","42964"
"38","North Dakota","2011","47861"
"38","North Dakota","2012","55388"
"38","North Dakota","2013","54373"
"38","North Dakota","2014","55802"
"39","Ohio","1985","14097"
"39","Ohio","1986","14766"
"39","Ohio","1987","15428"
"39","Ohio","1988","16488"
"39","Ohio","1989","17689"
"39","Ohio","1990","18669"
"39","Ohio","1991","18929"
"39","Ohio","1992","20034"
"39","Ohio","1993","20740"
"39","Ohio","1994","21782"
"39","Ohio","1995","22707"
"39","Ohio","1996","23710"
"39","Ohio","1997","25037"
"39","Ohio","1998","26408"
"39","Ohio","1999","27250"
"39","Ohio","2000","28631"
"39","Ohio","2001","29418"
"39","Ohio","2002","29809"
"39","Ohio","2003","30579"
"39","Ohio","2004","31732"
"39","Ohio","2005","32687"
"39","Ohio","2006","34415"
"39","Ohio","2007","35632"
"39","Ohio","2008","36643"
"39","Ohio","2009","35530"
"39","Ohio","2010","36377"
"39","Ohio","2011","38807"
"39","Ohio","2012","40329"
"39","Ohio","2013","40749"
"39","Ohio","2014","42236"
"40","Oklahoma","1985","13273"
"40","Oklahoma","1986","13412"
"40","Oklahoma","1987","13536"
"40","Oklahoma","1988","14314"
"40","Oklahoma","1989","15341"
"40","Oklahoma","1990","16180"
"40","Oklahoma","1991","16525"
"40","Oklahoma","1992","17357"
"40","Oklahoma","1993","17872"
"40","Oklahoma","1994","18509"
"40","Oklahoma","1995","19164"
"40","Oklahoma","1996","20101"
"40","Oklahoma","1997","21011"
"40","Oklahoma","1998","22140"
"40","Oklahoma","1999","22797"
"40","Oklahoma","2000","24801"
"40","Oklahoma","2001","26572"
"40","Oklahoma","2002","26807"
"40","Oklahoma","2003","27548"
"40","Oklahoma","2004","28989"
"40","Oklahoma","2005","30957"
"40","Oklahoma","2006","33522"
"40","Oklahoma","2007","34563"
"40","Oklahoma","2008","37739"
"40","Oklahoma","2009","34578"
"40","Oklahoma","2010","35949"
"40","Oklahoma","2011","39037"
"40","Oklahoma","2012","41549"
"40","Oklahoma","2013","41962"
"40","Oklahoma","2014","43637"
"41","Oregon","1985","13429"
"41","Oregon","1986","14107"
"41","Oregon","1987","14756"
"41","Oregon","1988","15838"
"41","Oregon","1989","17138"
"41","Oregon","1990","18065"
"41","Oregon","1991","18562"
"41","Oregon","1992","19440"
"41","Oregon","1993","20364"
"41","Oregon","1994","21399"
"41","Oregon","1995","22583"
"41","Oregon","1996","23889"
"41","Oregon","1997","24946"
"41","Oregon","1998","26106"
"41","Oregon","1999","26959"
"41","Oregon","2000","28878"
"41","Oregon","2001","29342"
"41","Oregon","2002","29306"
"41","Oregon","2003","30028"
"41","Oregon","2004","31486"
"41","Oregon","2005","32434"
"41","Oregon","2006","34546"
"41","Oregon","2007","35648"
"41","Oregon","2008","36750"
"41","Oregon","2009","35390"
"41","Oregon","2010","35791"
"41","Oregon","2011","37512"
"41","Oregon","2012","39083"
"41","Oregon","2013","39426"
"41","Oregon","2014","41220"
"42","Pennsylvania","1985","14312"
"42","Pennsylvania","1986","15051"
"42","Pennsylvania","1987","15910"
"42","Pennsylvania","1988","17181"
"42","Pennsylvania","1989","18577"
"42","Pennsylvania","1990","19591"
"42","Pennsylvania","1991","20266"
"42","Pennsylvania","1992","21276"
"42","Pennsylvania","1993","21951"
"42","Pennsylvania","1994","22613"
"42","Pennsylvania","1995","23592"
"42","Pennsylvania","1996","24767"
"42","Pennsylvania","1997","25998"
"42","Pennsylvania","1998","27374"
"42","Pennsylvania","1999","28524"
"42","Pennsylvania","2000","30493"
"42","Pennsylvania","2001","31524"
"42","Pennsylvania","2002","32108"
"42","Pennsylvania","2003","33055"
"42","Pennsylvania","2004","34648"
"42","Pennsylvania","2005","35910"
"42","Pennsylvania","2006","38202"
"42","Pennsylvania","2007","40084"
"42","Pennsylvania","2008","41675"
"42","Pennsylvania","2009","40785"
"42","Pennsylvania","2010","41918"
"42","Pennsylvania","2011","44018"
"42","Pennsylvania","2012","45781"
"42","Pennsylvania","2013","46028"
"42","Pennsylvania","2014","47679"
"44","Rhode Island","1985","14741"
"44","Rhode Island","1986","15704"
"44","Rhode Island","1987","16653"
"44","Rhode Island","1988","18239"
"44","Rhode Island","1989","19783"
"44","Rhode Island","1990","20187"
"44","Rhode Island","1991","20219"
"44","Rhode Island","1992","21125"
"44","Rhode Island","1993","21975"
"44","Rhode Island","1994","22508"
"44","Rhode Island","1995","23708"
"44","Rhode Island","1996","24471"
"44","Rhode Island","1997","25798"
"44","Rhode Island","1998","27423"
"44","Rhode Island","1999","28365"
"44","Rhode Island","2000","30214"
"44","Rhode Island","2001","31574"
"44","Rhode Island","2002","32698"
"44","Rhode Island","2003","34137"
"44","Rhode Island","2004","35562"
"44","Rhode Island","2005","36592"
"44","Rhode Island","2006","38779"
"44","Rhode Island","2007","40691"
"44","Rhode Island","2008","41889"
"44","Rhode Island","2009","41081"
"44","Rhode Island","2010","42737"
"44","Rhode Island","2011","44292"
"44","Rhode Island","2012","46084"
"44","Rhode Island","2013","46145"
"44","Rhode Island","2014","48359"
"45","South Carolina","1985","11666"
"45","South Carolina","1986","12317"
"45","South Carolina","1987","13055"
"45","South Carolina","1988","14058"
"45","South Carolina","1989","15108"
"45","South Carolina","1990","16018"
"45","South Carolina","1991","16380"
"45","South Carolina","1992","17213"
"45","South Carolina","1993","17880"
"45","South Carolina","1994","18753"
"45","South Carolina","1995","19629"
"45","South Carolina","1996","20614"
"45","South Carolina","1997","21574"
"45","South Carolina","1998","22828"
"45","South Carolina","1999","23715"
"45","South Carolina","2000","25143"
"45","South Carolina","2001","25859"
"45","South Carolina","2002","26263"
"45","South Carolina","2003","26903"
"45","South Carolina","2004","28135"
"45","South Carolina","2005","29402"
"45","South Carolina","2006","31183"
"45","South Carolina","2007","32443"
"45","South Carolina","2008","33449"
"45","South Carolina","2009","32499"
"45","South Carolina","2010","32853"
"45","South Carolina","2011","34220"
"45","South Carolina","2012","35461"
"45","South Carolina","2013","35472"
"45","South Carolina","2014","36677"
"46","South Dakota","1985","12196"
"46","South Dakota","1986","12782"
"46","South Dakota","1987","13454"
"46","South Dakota","1988","13980"
"46","South Dakota","1989","15094"
"46","South Dakota","1990","16516"
"46","South Dakota","1991","17044"
"46","South Dakota","1992","18226"
"46","South Dakota","1993","18813"
"46","South Dakota","1994","20021"
"46","South Dakota","1995","20238"
"46","South Dakota","1996","22237"
"46","South Dakota","1997","22644"
"46","South Dakota","1998","24416"
"46","South Dakota","1999","25631"
"46","South Dakota","2000","27267"
"46","South Dakota","2001","28440"
"46","South Dakota","2002","28538"
"46","South Dakota","2003","30941"
"46","South Dakota","2004","32564"
"46","South Dakota","2005","33443"
"46","South Dakota","2006","33898"
"46","South Dakota","2007","37257"
"46","South Dakota","2008","40095"
"46","South Dakota","2009","38661"
"46","South Dakota","2010","40204"
"46","South Dakota","2011","44241"
"46","South Dakota","2012","44792"
"46","South Dakota","2013","44772"
"46","South Dakota","2014","45279"
"47","Tennessee","1985","12138"
"47","Tennessee","1986","12933"
"47","Tennessee","1987","13801"
"47","Tennessee","1988","14882"
"47","Tennessee","1989","15876"
"47","Tennessee","1990","16740"
"47","Tennessee","1991","17334"
"47","Tennessee","1992","18664"
"47","Tennessee","1993","19530"
"47","Tennessee","1994","20395"
"47","Tennessee","1995","21508"
"47","Tennessee","1996","22341"
"47","Tennessee","1997","23308"
"47","Tennessee","1998","25316"
"47","Tennessee","1999","26119"
"47","Tennessee","2000","27503"
"47","Tennessee","2001","28147"
"47","Tennessee","2002","28613"
"47","Tennessee","2003","29454"
"47","Tennessee","2004","30925"
"47","Tennessee","2005","31695"
"47","Tennessee","2006","33072"
"47","Tennessee","2007","34227"
"47","Tennessee","2008","35307"
"47","Tennessee","2009","34468"
"47","Tennessee","2010","35601"
"47","Tennessee","2011","37323"
"47","Tennessee","2012","39137"
"47","Tennessee","2013","39312"
"47","Tennessee","2014","40457"
"48","Texas","1985","14212"
"48","Texas","1986","14295"
"48","Texas","1987","14530"
"48","Texas","1988","15375"
"48","Texas","1989","16307"
"48","Texas","1990","17366"
"48","Texas","1991","17817"
"48","Texas","1992","18880"
"48","Texas","1993","19535"
"48","Texas","1994","20206"
"48","Texas","1995","21177"
"48","Texas","1996","22319"
"48","Texas","1997","23825"
"48","Texas","1998","25500"
"48","Texas","1999","26447"
"48","Texas","2000","28365"
"48","Texas","2001","29717"
"48","Texas","2002","29327"
"48","Texas","2003","30010"
"48","Texas","2004","31077"
"48","Texas","2005","33330"
"48","Texas","2006","35554"
"48","Texas","2007","36992"
"48","Texas","2008","39892"
"48","Texas","2009","37037"
"48","Texas","2010","38282"
"48","Texas","2011","41235"
"48","Texas","2012","43505"
"48","Texas","2013","43807"
"48","Texas","2014","45669"
"49","Utah","1985","11492"
"49","Utah","1986","11918"
"49","Utah","1987","12360"
"49","Utah","1988","13053"
"49","Utah","1989","13894"
"49","Utah","1990","14866"
"49","Utah","1991","15521"
"49","Utah","1992","16292"
"49","Utah","1993","17021"
"49","Utah","1994","17879"
"49","Utah","1995","18981"
"49","Utah","1996","20126"
"49","Utah","1997","21231"
"49","Utah","1998","22416"
"49","Utah","1999","23386"
"49","Utah","2000","24781"
"49","Utah","2001","25712"
"49","Utah","2002","25960"
"49","Utah","2003","26316"
"49","Utah","2004","27545"
"49","Utah","2005","29398"
"49","Utah","2006","31786"
"49","Utah","2007","33643"
"49","Utah","2008","34512"
"49","Utah","2009","32428"
"49","Utah","2010","32614"
"49","Utah","2011","34415"
"49","Utah","2012","35995"
"49","Utah","2013","36542"
"49","Utah","2014","37664"
"50","Vermont","1985","13088"
"50","Vermont","1986","14005"
"50","Vermont","1987","15060"
"50","Vermont","1988","16183"
"50","Vermont","1989","17648"
"50","Vermont","1990","18069"
"50","Vermont","1991","18266"
"50","Vermont","1992","19411"
"50","Vermont","1993","19971"
"50","Vermont","1994","20764"
"50","Vermont","1995","21702"
"50","Vermont","1996","22684"
"50","Vermont","1997","23763"
"50","Vermont","1998","25389"
"50","Vermont","1999","26700"
"50","Vermont","2000","28556"
"50","Vermont","2001","29968"
"50","Vermont","2002","30567"
"50","Vermont","2003","31779"
"50","Vermont","2004","33652"
"50","Vermont","2005","34347"
"50","Vermont","2006","36597"
"50","Vermont","2007","38460"
"50","Vermont","2008","40111"
"50","Vermont","2009","39268"
"50","Vermont","2010","40066"
"50","Vermont","2011","42735"
"50","Vermont","2012","44287"
"50","Vermont","2013","44839"
"50","Vermont","2014","46428"
"51","Virginia","1985","15666"
"51","Virginia","1986","16620"
"51","Virginia","1987","17581"
"51","Virginia","1988","18906"
"51","Virginia","1989","20156"
"51","Virginia","1990","20838"
"51","Virginia","1991","21432"
"51","Virginia","1992","22430"
"51","Virginia","1993","23247"
"51","Virginia","1994","24138"
"51","Virginia","1995","25028"
"51","Virginia","1996","25962"
"51","Virginia","1997","27351"
"51","Virginia","1998","28917"
"51","Virginia","1999","30479"
"51","Virginia","2000","32465"
"51","Virginia","2001","33711"
"51","Virginia","2002","34154"
"51","Virginia","2003","35745"
"51","Virginia","2004","37753"
"51","Virginia","2005","40036"
"51","Virginia","2006","42386"
"51","Virginia","2007","44422"
"51","Virginia","2008","45618"
"51","Virginia","2009","44458"
"51","Virginia","2010","45412"
"51","Virginia","2011","47689"
"51","Virginia","2012","49320"
"51","Virginia","2013","48956"
"51","Virginia","2014","50345"
"53","Washington","1985","14939"
"53","Washington","1986","15803"
"53","Washington","1987","16480"
"53","Washington","1988","17526"
"53","Washington","1989","18954"
"53","Washington","1990","20162"
"53","Washington","1991","21052"
"53","Washington","1992","22139"
"53","Washington","1993","22745"
"53","Washington","1994","23495"
"53","Washington","1995","24358"
"53","Washington","1996","25782"
"53","Washington","1997","27297"
"53","Washington","1998","29432"
"53","Washington","1999","31077"
"53","Washington","2000","32882"
"53","Washington","2001","33241"
"53","Washington","2002","33629"
"53","Washington","2003","34663"
"53","Washington","2004","36787"
"53","Washington","2005","37754"
"53","Washington","2006","40204"
"53","Washington","2007","42954"
"53","Washington","2008","44460"
"53","Washington","2009","42248"
"53","Washington","2010","42821"
"53","Washington","2011","44800"
"53","Washington","2012","47344"
"53","Washington","2013","47468"
"53","Washington","2014","49610"
"54","West Virginia","1985","10835"
"54","West Virginia","1986","11247"
"54","West Virginia","1987","11683"
"54","West Virginia","1988","12649"
"54","West Virginia","1989","13577"
"54","West Virginia","1990","14571"
"54","West Virginia","1991","15124"
"54","West Virginia","1992","16229"
"54","West Virginia","1993","16726"
"54","West Virginia","1994","17410"
"54","West Virginia","1995","17953"
"54","West Virginia","1996","18692"
"54","West Virginia","1997","19514"
"54","West Virginia","1998","20330"
"54","West Virginia","1999","20873"
"54","West Virginia","2000","22110"
"54","West Virginia","2001","23306"
"54","West Virginia","2002","24206"
"54","West Virginia","2003","24669"
"54","West Virginia","2004","25498"
"54","West Virginia","2005","26360"
"54","West Virginia","2006","28319"
"54","West Virginia","2007","29316"
"54","West Virginia","2008","31397"
"54","West Virginia","2009","31429"
"54","West Virginia","2010","32104"
"54","West Virginia","2011","34211"
"54","West Virginia","2012","35374"
"54","West Virginia","2013","35163"
"54","West Virginia","2014","36132"
"55","Wisconsin","1985","13910"
"55","Wisconsin","1986","14657"
"55","Wisconsin","1987","15399"
"55","Wisconsin","1988","16204"
"55","Wisconsin","1989","17559"
"55","Wisconsin","1990","18379"
"55","Wisconsin","1991","18861"
"55","Wisconsin","1992","20136"
"55","Wisconsin","1993","20933"
"55","Wisconsin","1994","22015"
"55","Wisconsin","1995","22909"
"55","Wisconsin","1996","24027"
"55","Wisconsin","1997","25309"
"55","Wisconsin","1998","26896"
"55","Wisconsin","1999","27807"
"55","Wisconsin","2000","29382"
"55","Wisconsin","2001","30473"
"55","Wisconsin","2002","31060"
"55","Wisconsin","2003","31905"
"55","Wisconsin","2004","33350"
"55","Wisconsin","2005","34311"
"55","Wisconsin","2006","36268"
"55","Wisconsin","2007","37674"
"55","Wisconsin","2008","38980"
"55","Wisconsin","2009","38320"
"55","Wisconsin","2010","38815"
"55","Wisconsin","2011","40837"
"55","Wisconsin","2012","42463"
"55","Wisconsin","2013","42737"
"55","Wisconsin","2014","44186"
"56","Wyoming","1985","14141"
"56","Wyoming","1986","14166"
"56","Wyoming","1987","14161"
"56","Wyoming","1988","14816"
"56","Wyoming","1989","16472"
"56","Wyoming","1990","17989"
"56","Wyoming","1991","18649"
"56","Wyoming","1992","19457"
"56","Wyoming","1993","20250"
"56","Wyoming","1994","20868"
"56","Wyoming","1995","21626"
"56","Wyoming","1996","22440"
"56","Wyoming","1997","23967"
"56","Wyoming","1998","25430"
"56","Wyoming","1999","27085"
"56","Wyoming","2000","28959"
"56","Wyoming","2001","30736"
"56","Wyoming","2002","31442"
"56","Wyoming","2003","33400"
"56","Wyoming","2004","35692"
"56","Wyoming","2005","39164"
"56","Wyoming","2006","44186"
"56","Wyoming","2007","45505"
"56","Wyoming","2008","48934"
"56","Wyoming","2009","43153"
"56","Wyoming","2010","44846"
"56","Wyoming","2011","49140"
"56","Wyoming","2012","52154"
"56","Wyoming","2013","51791"
"56","Wyoming","2014","54584"
